[
  {
    "_id": "5b700e48fac15894b0630b34",
    "index": 0,
    "guid": "dbbc3422-5b47-4556-bc13-b61ebf29575b",
    "isActive": false,
    "price": "$2,765.79",
    "picture": "http://placehold.it/300x300",
    "city": "Morriston",
    "country": "Uruguay",
    "company": "DIGIGENE",
    "email": "contact@digigene.com",
    "phone": "+1 (837) 467-2776",
    "address": "814 Baughman Place, Morriston, Uruguay, 6541",
    "about": "Ex irure id irure aliquip commodo aliqua veniam pariatur ad consequat anim et ut. Fugiat nulla sunt ut cupidatat consequat nulla. Anim ad in ad nulla veniam cillum ad voluptate velit eiusmod veniam cillum sunt. Pariatur commodo excepteur est commodo minim consequat pariatur incididunt dolor commodo deserunt elit anim. Laborum cillum do sint ullamco cillum.",
    "registered": "Tuesday, November 11, 2014 3:13 PM",
    "latitude": "-14.989271",
    "longitude": "61.521397",
    "views": 410
  },
  {
    "_id": "5b700e48fb2835ed29ac1eba",
    "index": 1,
    "guid": "600220b0-d3e5-47ae-8d98-1c42ac5443eb",
    "isActive": true,
    "price": "$3,871.20",
    "picture": "http://placehold.it/300x300",
    "city": "Slovan",
    "country": "Indonesia",
    "company": "ORBOID",
    "email": "contact@orboid.com",
    "phone": "+1 (805) 485-2247",
    "address": "308 Russell Street, Slovan, Indonesia, 8627",
    "about": "Nulla culpa ad pariatur excepteur. Voluptate dolore sint deserunt sunt. Enim consequat reprehenderit pariatur eiusmod. Laborum aliqua irure deserunt amet mollit veniam.",
    "registered": "Thursday, March 30, 2017 4:24 PM",
    "latitude": "88.941756",
    "longitude": "-14.490328",
    "views": 619
  },
  {
    "_id": "5b700e486e220d9f988883db",
    "index": 2,
    "guid": "98d32768-0005-4afa-abf6-a883f9a303f7",
    "isActive": true,
    "price": "$2,329.99",
    "picture": "http://placehold.it/300x300",
    "city": "Abrams",
    "country": "Japan",
    "company": "KIDGREASE",
    "email": "contact@kidgrease.com",
    "phone": "+1 (830) 525-2745",
    "address": "736 Gain Court, Abrams, Japan, 6574",
    "about": "Aliqua veniam sunt nulla proident ea eu cillum magna nulla culpa. Do do sunt aliquip enim dolore incididunt. Ipsum in ex excepteur ad. Sunt qui aute adipisicing minim do consectetur labore proident incididunt ex in consectetur do. Aliquip duis duis fugiat labore labore id pariatur sit duis aute.",
    "registered": "Monday, January 19, 2015 12:15 PM",
    "latitude": "40.402789",
    "longitude": "-117.79771",
    "views": 570
  },
  {
    "_id": "5b700e48fdce2b6f84c16ad8",
    "index": 3,
    "guid": "4061e290-0c58-4809-bcf4-40bfe55408c3",
    "isActive": false,
    "price": "$2,984.00",
    "picture": "http://placehold.it/300x300",
    "city": "Greenfields",
    "country": "France, Metropolitan",
    "company": "ZILLAR",
    "email": "contact@zillar.com",
    "phone": "+1 (937) 465-2363",
    "address": "134 Etna Street, Greenfields, France, Metropolitan, 4351",
    "about": "Nulla exercitation quis aute nostrud et culpa ex. Laborum tempor do nostrud duis mollit enim aute eiusmod officia tempor dolore fugiat. Ad enim nostrud ex ad id anim anim duis minim laborum do sit cillum sunt. Laborum adipisicing nostrud ex velit qui culpa enim ullamco. Sunt Lorem et velit cillum consequat incididunt.",
    "registered": "Wednesday, July 23, 2014 10:49 AM",
    "latitude": "-29.501451",
    "longitude": "-162.213057",
    "views": 595
  },
  {
    "_id": "5b700e48e0feedb4c2d39943",
    "index": 4,
    "guid": "d1d8034e-1a5c-4e18-9599-ef8b864772ac",
    "isActive": false,
    "price": "$2,050.55",
    "picture": "http://placehold.it/300x300",
    "city": "Westwood",
    "country": "Brazil",
    "company": "KIOSK",
    "email": "contact@kiosk.com",
    "phone": "+1 (873) 565-2785",
    "address": "706 Henry Street, Westwood, Brazil, 7809",
    "about": "Et laboris nostrud incididunt commodo proident tempor enim tempor consequat exercitation. Esse eiusmod esse adipisicing magna sunt nostrud adipisicing nostrud excepteur ad sunt elit anim. Cillum culpa occaecat in non adipisicing deserunt minim est pariatur ullamco labore magna sunt. Enim labore do fugiat labore ullamco voluptate. Ad velit incididunt Lorem esse nulla non irure ullamco laborum. Veniam ut minim amet consectetur minim qui. Qui excepteur dolore duis mollit ullamco labore nisi anim est tempor dolor id sit.",
    "registered": "Tuesday, December 6, 2016 8:25 PM",
    "latitude": "-33.823757",
    "longitude": "-138.592382",
    "views": 947
  },
  {
    "_id": "5b700e48fdabe5867d7c9267",
    "index": 5,
    "guid": "9a069a07-7a6d-43de-86cc-f15a307af0b0",
    "isActive": false,
    "price": "$3,150.16",
    "picture": "http://placehold.it/300x300",
    "city": "Draper",
    "country": "US Minor Outlying Islands",
    "company": "PEARLESSA",
    "email": "contact@pearlessa.com",
    "phone": "+1 (936) 469-2439",
    "address": "785 Manhattan Court, Draper, US Minor Outlying Islands, 638",
    "about": "In amet sint voluptate pariatur enim. Labore proident excepteur laboris irure do sunt et aute in commodo id. Elit consectetur ut consequat ut excepteur ullamco exercitation exercitation. Tempor tempor dolore dolor nulla eiusmod sunt.",
    "registered": "Saturday, August 29, 2015 6:21 PM",
    "latitude": "-14.3419",
    "longitude": "-140.40377",
    "views": 617
  },
  {
    "_id": "5b700e48d7905c293fe26aba",
    "index": 6,
    "guid": "c4b181ac-d374-4648-8d99-d49b55f94159",
    "isActive": true,
    "price": "$1,035.82",
    "picture": "http://placehold.it/300x300",
    "city": "Jeff",
    "country": "Guyana",
    "company": "BEDLAM",
    "email": "contact@bedlam.com",
    "phone": "+1 (840) 464-2321",
    "address": "403 Railroad Avenue, Jeff, Guyana, 1027",
    "about": "Amet laborum elit ad culpa. Cupidatat occaecat incididunt adipisicing ad. Veniam reprehenderit occaecat eiusmod incididunt est duis culpa Lorem nisi culpa ullamco. Lorem exercitation consectetur est pariatur pariatur fugiat commodo elit. Incididunt id aliquip excepteur laboris ut labore qui. Ullamco sint excepteur dolore eiusmod. Est proident fugiat esse tempor id nostrud velit nulla officia incididunt commodo sunt officia.",
    "registered": "Monday, May 12, 2014 2:15 AM",
    "latitude": "-75.62136",
    "longitude": "2.246339",
    "views": 842
  },
  {
    "_id": "5b700e485a23c9392dce0ecb",
    "index": 7,
    "guid": "d83baf3c-4c03-45d9-bdb8-e2f51148d5bf",
    "isActive": true,
    "price": "$3,743.63",
    "picture": "http://placehold.it/300x300",
    "city": "Bluffview",
    "country": "Montserrat",
    "company": "NSPIRE",
    "email": "contact@nspire.com",
    "phone": "+1 (874) 576-2542",
    "address": "847 Bath Avenue, Bluffview, Montserrat, 1361",
    "about": "Ut magna mollit excepteur Lorem cupidatat fugiat. Lorem cillum consectetur qui eiusmod nulla voluptate nisi labore Lorem magna adipisicing dolore. Veniam est in amet ut proident. Id velit deserunt consectetur commodo aute in anim non sit laboris laborum aute aute. Excepteur ut Lorem est laboris dolor dolor deserunt eiusmod do ad ipsum elit proident. Velit laboris nisi quis consectetur irure anim tempor minim anim elit sint sit aliqua. In tempor ad non elit do cillum sit irure labore ullamco elit.",
    "registered": "Monday, May 7, 2018 10:37 AM",
    "latitude": "21.14643",
    "longitude": "-97.766748",
    "views": 770
  },
  {
    "_id": "5b700e48bf11f8ea50993f32",
    "index": 8,
    "guid": "a9d93cc4-d37c-41a5-8b9a-9e03d2e3c395",
    "isActive": true,
    "price": "$3,321.06",
    "picture": "http://placehold.it/300x300",
    "city": "Smock",
    "country": "Argentina",
    "company": "MANUFACT",
    "email": "contact@manufact.com",
    "phone": "+1 (854) 583-2468",
    "address": "940 Elliott Place, Smock, Argentina, 8408",
    "about": "Reprehenderit exercitation duis nostrud et quis. Sint eu excepteur dolor duis aute eu incididunt exercitation duis. Eu adipisicing cillum cupidatat dolore id aliqua elit sint aliquip excepteur. Do ad eiusmod magna proident labore culpa nisi quis.",
    "registered": "Tuesday, December 12, 2017 8:45 PM",
    "latitude": "75.755966",
    "longitude": "7.127367",
    "views": 316
  },
  {
    "_id": "5b700e489b62805b00e8d243",
    "index": 9,
    "guid": "4d8fd66f-6ddc-4bca-b089-e04dc0ea6d6b",
    "isActive": false,
    "price": "$3,616.95",
    "picture": "http://placehold.it/300x300",
    "city": "Leeper",
    "country": "St. Helena",
    "company": "DAYCORE",
    "email": "contact@daycore.com",
    "phone": "+1 (819) 436-3309",
    "address": "493 Howard Avenue, Leeper, St. Helena, 1071",
    "about": "Non sint magna eu laboris irure laboris commodo. Fugiat dolor proident in ut et laboris. In ullamco ut sit fugiat. Ipsum proident incididunt occaecat nisi in velit culpa et. Ad ad commodo exercitation magna consequat ad sunt laborum nisi. Eiusmod nisi laboris deserunt ipsum exercitation. Duis et eiusmod laborum aliqua irure consequat magna cillum nulla aliquip et aliquip enim.",
    "registered": "Sunday, March 4, 2018 6:58 AM",
    "latitude": "72.403045",
    "longitude": "-142.599827",
    "views": 422
  },
  {
    "_id": "5b700e48f63d9d096f5b4f25",
    "index": 10,
    "guid": "42e9d5d1-6f08-47a3-b852-1af5be21150e",
    "isActive": true,
    "price": "$3,429.09",
    "picture": "http://placehold.it/300x300",
    "city": "Tilden",
    "country": "French Guiana",
    "company": "ZOARERE",
    "email": "contact@zoarere.com",
    "phone": "+1 (961) 404-2215",
    "address": "562 Erasmus Street, Tilden, French Guiana, 5400",
    "about": "Commodo minim culpa non in commodo non anim elit ad nisi ut culpa in voluptate. Nisi cillum ullamco adipisicing incididunt nisi excepteur cupidatat. Non ut tempor qui incididunt sunt. Proident pariatur amet veniam reprehenderit nulla excepteur cillum laboris mollit. Velit qui occaecat et consectetur incididunt. Officia aliqua occaecat ea occaecat excepteur deserunt sunt ut.",
    "registered": "Saturday, July 1, 2017 3:04 PM",
    "latitude": "30.927025",
    "longitude": "120.999554",
    "views": 630
  },
  {
    "_id": "5b700e481b06c525c175b71c",
    "index": 11,
    "guid": "628aeb9f-1e3b-4a52-8f85-510ef676b249",
    "isActive": false,
    "price": "$1,062.18",
    "picture": "http://placehold.it/300x300",
    "city": "Choctaw",
    "country": "Luxembourg",
    "company": "TINGLES",
    "email": "contact@tingles.com",
    "phone": "+1 (964) 551-3403",
    "address": "848 Irwin Street, Choctaw, Luxembourg, 8212",
    "about": "Qui reprehenderit ipsum reprehenderit ad anim velit ad reprehenderit. Tempor eiusmod consectetur sit veniam duis. Dolore officia amet non dolor irure.",
    "registered": "Thursday, June 11, 2015 5:40 AM",
    "latitude": "-22.078639",
    "longitude": "-133.171853",
    "views": 559
  },
  {
    "_id": "5b700e48859b59e2a5f2029e",
    "index": 12,
    "guid": "52109863-e4c4-4086-be76-113cab4544ce",
    "isActive": true,
    "price": "$3,418.45",
    "picture": "http://placehold.it/300x300",
    "city": "Bannock",
    "country": "Mauritius",
    "company": "CALCU",
    "email": "contact@calcu.com",
    "phone": "+1 (831) 551-2974",
    "address": "430 Broadway , Bannock, Mauritius, 1594",
    "about": "Fugiat fugiat aliqua ex aute anim sit Lorem ut et reprehenderit eiusmod aute elit ex. Incididunt ipsum et do nostrud commodo. Occaecat in do eiusmod aute consequat fugiat nulla qui laborum nisi. Est mollit dolore et occaecat fugiat veniam mollit. Dolor ut fugiat dolore laboris pariatur Lorem dolore aliquip enim ut esse cillum.",
    "registered": "Monday, December 29, 2014 12:28 AM",
    "latitude": "89.557348",
    "longitude": "170.937989",
    "views": 810
  },
  {
    "_id": "5b700e486ac659366a95a41a",
    "index": 13,
    "guid": "758b0e0c-42b8-47bf-869e-4c348f18538f",
    "isActive": false,
    "price": "$2,905.40",
    "picture": "http://placehold.it/300x300",
    "city": "Hartsville/Hartley",
    "country": "Portugal",
    "company": "COREPAN",
    "email": "contact@corepan.com",
    "phone": "+1 (897) 414-2377",
    "address": "669 Hanover Place, Hartsville/Hartley, Portugal, 7343",
    "about": "Sit aliqua ipsum commodo consequat. Ex mollit mollit esse ex officia. Id ullamco aliqua eiusmod ullamco adipisicing culpa.",
    "registered": "Saturday, October 18, 2014 2:45 PM",
    "latitude": "-82.976584",
    "longitude": "-96.132577",
    "views": 162
  },
  {
    "_id": "5b700e48db40b5e48e1ef633",
    "index": 14,
    "guid": "58bdd3e6-2003-456e-ab58-7fd0ae8fd282",
    "isActive": false,
    "price": "$1,635.45",
    "picture": "http://placehold.it/300x300",
    "city": "Bladensburg",
    "country": "British Indian Ocean Territory",
    "company": "EXIAND",
    "email": "contact@exiand.com",
    "phone": "+1 (846) 559-2526",
    "address": "382 Bristol Street, Bladensburg, British Indian Ocean Territory, 3874",
    "about": "Aliqua labore ipsum ut sunt velit elit ex laboris aliquip duis dolor sunt. Sit pariatur nisi ut velit voluptate quis cillum anim deserunt anim. Incididunt ut adipisicing incididunt ex fugiat est incididunt laborum irure non mollit. Velit nisi deserunt cupidatat qui qui irure. Enim anim reprehenderit irure occaecat amet ea cillum. Lorem sunt laboris sint deserunt.",
    "registered": "Saturday, June 23, 2018 1:11 AM",
    "latitude": "65.821171",
    "longitude": "-63.087464",
    "views": 691
  },
  {
    "_id": "5b700e487fd6ba61d599745d",
    "index": 15,
    "guid": "edb09d86-065f-42fb-a81c-b83cc55f509a",
    "isActive": false,
    "price": "$1,880.58",
    "picture": "http://placehold.it/300x300",
    "city": "Limestone",
    "country": "Iran",
    "company": "MAZUDA",
    "email": "contact@mazuda.com",
    "phone": "+1 (987) 467-2864",
    "address": "375 Dumont Avenue, Limestone, Iran, 4043",
    "about": "Laborum nostrud laboris labore officia tempor reprehenderit non tempor eiusmod. Incididunt nulla mollit do sit aute elit in velit nisi. Officia culpa voluptate mollit ullamco pariatur eu ipsum nulla consequat nisi. Dolore dolor officia consectetur Lorem nostrud aliqua.",
    "registered": "Monday, February 9, 2015 9:06 AM",
    "latitude": "-5.780414",
    "longitude": "133.840788",
    "views": 117
  },
  {
    "_id": "5b700e4825382516c68f3f23",
    "index": 16,
    "guid": "ba1d8b91-9f7d-48b6-86d1-1e2d7b748d9d",
    "isActive": false,
    "price": "$1,717.75",
    "picture": "http://placehold.it/300x300",
    "city": "Martinsville",
    "country": "Guam",
    "company": "WAZZU",
    "email": "contact@wazzu.com",
    "phone": "+1 (962) 458-3712",
    "address": "393 Newkirk Placez, Martinsville, Guam, 3737",
    "about": "Sunt deserunt quis voluptate occaecat ea Lorem officia incididunt velit dolor ut ex voluptate. Eu nisi nostrud ea ipsum deserunt magna elit. Eu officia culpa proident excepteur aliquip velit cillum qui do consequat culpa minim. Est pariatur cillum officia qui nisi nostrud nostrud cupidatat duis officia. Tempor officia nisi proident magna magna elit laboris. Mollit amet qui Lorem sint aliqua voluptate nostrud ad voluptate.",
    "registered": "Thursday, March 16, 2017 7:21 PM",
    "latitude": "-65.607726",
    "longitude": "145.29708",
    "views": 525
  },
  {
    "_id": "5b700e4884ee781e64cb7ea1",
    "index": 17,
    "guid": "58fb901f-d3f4-46a6-8701-bb46c90d4f87",
    "isActive": true,
    "price": "$1,631.43",
    "picture": "http://placehold.it/300x300",
    "city": "Fairfield",
    "country": "Iraq",
    "company": "HONOTRON",
    "email": "contact@honotron.com",
    "phone": "+1 (886) 406-2126",
    "address": "624 Lorimer Street, Fairfield, Iraq, 8147",
    "about": "Cupidatat nostrud do veniam quis dolore Lorem qui dolore est. Sit sint aute aute sint nulla adipisicing excepteur deserunt cillum tempor cupidatat ea mollit sunt. Velit commodo ea ad veniam amet occaecat Lorem consequat sint deserunt laboris occaecat. Anim occaecat nisi ullamco anim incididunt magna amet consequat anim culpa ullamco.",
    "registered": "Thursday, December 25, 2014 1:12 PM",
    "latitude": "-39.20238",
    "longitude": "64.688507",
    "views": 848
  },
  {
    "_id": "5b700e48dd694ce7aaefaf81",
    "index": 18,
    "guid": "64f25dbd-c117-4ec4-b710-b13828040d13",
    "isActive": false,
    "price": "$3,053.00",
    "picture": "http://placehold.it/300x300",
    "city": "Kiskimere",
    "country": "Ukraine",
    "company": "NIQUENT",
    "email": "contact@niquent.com",
    "phone": "+1 (949) 540-2353",
    "address": "640 Lancaster Avenue, Kiskimere, Ukraine, 8243",
    "about": "Deserunt aliqua magna nisi id ullamco ea tempor quis pariatur culpa irure consectetur dolore id. Quis laboris veniam ex eiusmod mollit laborum Lorem laboris in duis ut est mollit pariatur. Laborum enim tempor irure mollit pariatur dolor quis.",
    "registered": "Sunday, November 20, 2016 1:20 AM",
    "latitude": "6.368524",
    "longitude": "144.309068",
    "views": 785
  },
  {
    "_id": "5b700e48a4ebe3bc70a978e9",
    "index": 19,
    "guid": "a4064eac-4640-4ac2-868e-d94de48f97e6",
    "isActive": true,
    "price": "$2,380.04",
    "picture": "http://placehold.it/300x300",
    "city": "Takilma",
    "country": "Cape Verde",
    "company": "JASPER",
    "email": "contact@jasper.com",
    "phone": "+1 (869) 457-3345",
    "address": "325 Senator Street, Takilma, Cape Verde, 5503",
    "about": "Sit ipsum ex sint exercitation elit cupidatat quis culpa aute. Magna nisi nulla anim aliqua magna esse fugiat sit aliqua exercitation fugiat dolor dolor. Magna laboris culpa sunt dolore mollit sint. Laboris deserunt voluptate officia exercitation commodo qui esse eiusmod non id irure commodo pariatur cupidatat. Eiusmod magna veniam voluptate exercitation culpa nulla dolore.",
    "registered": "Thursday, February 15, 2018 7:20 PM",
    "latitude": "32.222904",
    "longitude": "-164.851131",
    "views": 857
  },
  {
    "_id": "5b700e489d6b3b6a19e03fbc",
    "index": 20,
    "guid": "1464648c-b68c-4218-ab4d-9720f60984bc",
    "isActive": true,
    "price": "$2,046.37",
    "picture": "http://placehold.it/300x300",
    "city": "Clarktown",
    "country": "Haiti",
    "company": "XANIDE",
    "email": "contact@xanide.com",
    "phone": "+1 (807) 579-3373",
    "address": "836 Dobbin Street, Clarktown, Haiti, 1989",
    "about": "Do sit nulla aute veniam. Eu elit nostrud ullamco quis enim ex eiusmod irure veniam veniam ad mollit magna. Occaecat excepteur aliquip nostrud dolore incididunt ad nostrud ad exercitation in dolor sunt. Magna cillum sunt id eu Lorem. Cillum exercitation consequat quis amet veniam mollit excepteur occaecat reprehenderit elit.",
    "registered": "Saturday, April 1, 2017 6:08 PM",
    "latitude": "-18.202587",
    "longitude": "-69.719812",
    "views": 327
  },
  {
    "_id": "5b700e48961366233523dac6",
    "index": 21,
    "guid": "8d087390-ad24-4eb9-a32b-bdeaa8ea05ba",
    "isActive": false,
    "price": "$2,736.56",
    "picture": "http://placehold.it/300x300",
    "city": "Bowmansville",
    "country": "Finland",
    "company": "ORBIFLEX",
    "email": "contact@orbiflex.com",
    "phone": "+1 (910) 503-3076",
    "address": "515 Union Street, Bowmansville, Finland, 2574",
    "about": "Quis sunt eu deserunt reprehenderit incididunt magna id incididunt deserunt exercitation. Aliqua ex in amet dolore commodo incididunt proident adipisicing eiusmod elit eiusmod ullamco duis cupidatat. Adipisicing non sunt exercitation dolor sint anim.",
    "registered": "Monday, July 23, 2018 5:02 AM",
    "latitude": "-20.421772",
    "longitude": "57.67862",
    "views": 379
  },
  {
    "_id": "5b700e4861ca2d40c360e7ea",
    "index": 22,
    "guid": "ff086d6a-a96d-47b3-8435-bb806780df34",
    "isActive": true,
    "price": "$3,214.96",
    "picture": "http://placehold.it/300x300",
    "city": "Garnet",
    "country": "Aruba",
    "company": "COMVEYOR",
    "email": "contact@comveyor.com",
    "phone": "+1 (867) 549-3506",
    "address": "843 Elm Avenue, Garnet, Aruba, 4352",
    "about": "Consequat eiusmod est velit aute aute ullamco anim minim proident. Mollit laboris velit commodo proident culpa excepteur mollit. Enim ut ullamco minim deserunt voluptate elit voluptate magna pariatur pariatur. Magna velit nostrud cillum in non Lorem ullamco deserunt et eu.",
    "registered": "Thursday, October 5, 2017 8:46 PM",
    "latitude": "16.674906",
    "longitude": "-151.854111",
    "views": 866
  },
  {
    "_id": "5b700e4825c7be717c15a8a9",
    "index": 23,
    "guid": "e946bd2d-e9e4-4e2d-8082-cc261896d3d6",
    "isActive": false,
    "price": "$2,185.86",
    "picture": "http://placehold.it/300x300",
    "city": "Woodlands",
    "country": "Greenland",
    "company": "MEGALL",
    "email": "contact@megall.com",
    "phone": "+1 (974) 545-2663",
    "address": "899 Bokee Court, Woodlands, Greenland, 951",
    "about": "Cupidatat elit duis tempor ut nulla voluptate reprehenderit. Cupidatat proident cillum laboris dolore adipisicing magna. Dolor velit voluptate tempor proident occaecat. Id dolore proident Lorem sit mollit deserunt aliqua quis labore. Sint officia duis voluptate dolor labore aliqua sunt excepteur qui est et sit occaecat.",
    "registered": "Saturday, April 7, 2018 11:17 AM",
    "latitude": "-63.44671",
    "longitude": "3.488448",
    "views": 651
  }
]